﻿ticker_tracker,company_id,year_established,location,market_capitalization_in_billions,ownership,indices
1,1,1997,"Pittsburgh, Pennsylvania",62,private,DJIA
2,2,1997,"Syracuse, New York",77,private,NASDAQ
3,3,2000,"Columbus, Ohio",146,public,DJIA
4,5,2002,"Fort Collins, Colorado",134,public,NYSE
5,6,2001,"Anchorage, Alaska",124,private,NYSE
6,7,2005,"Akron, Ohio",73,private,NASDAQ
7,8,2008,"Fresno, California",112,private,S&P 500
8,9,1998,"Denver, Colorado",51,private,S&P 500
9,10,2014,"Chicago, Illinois",148,private,S&P 500
10,11,1998,"Boise, Idaho",103,private,NYSE
11,12,2014,"Fort Lauderdale, Florida",106,public,S&P 500
12,17,2008,"Columbia, South Carolina",73,public,DJIA
13,18,2015,"Wichita, Kansas",72,public,Russell 2000 Index
14,19,1995,"Little Rock, Arkansas",52,public,DJIA
15,20,1995,"Fort Lauderdale, Florida",56,private,DJIA
16,21,2011,"Eugene, Oregon",61,private,S&P 500
17,22,2009,"Kansas City, Missouri",126,public,NYSE
18,23,1996,"Chattanooga, Tennessee",81,private,NYSE
19,24,1997,"Kansas City, Missouri",97,public,S&P 500
20,25,2013,"Fort Collins, Colorado",122,private,NASDAQ
21,27,2013,"Providence, Rhode Island",81,private,DJIA
22,28,2006,"Columbia, South Carolina",89,private,S&P 500
23,30,2010,"Boston, Massachusetts",105,public,DJIA
24,31,2009,"Hartford, Connecticut",66,private,S&P 500
25,32,2001,"Spokane, Washington",143,private,Russell 2000 Index
26,36,2015,"Wichita, Kansas",138,public,DJIA
27,39,2002,"Tallahassee, Florida",137,private,NASDAQ
28,40,2002,"Columbia, South Carolina",64,public,Wilshire 5000
29,41,2010,"Eugene, Oregon",56,private,DJIA
30,42,2014,"Tacoma, Washington",75,public,Russell 2000 Index
31,43,2000,"Omaha, Nebraska",94,private,NASDAQ
32,44,1995,"Fresno, California",55,private,Russell 2000 Index
33,45,1998,"Chicago, Illinois",124,public,Russell 2000 Index
34,46,1998,"Memphis, Tennessee",143,public,Wilshire 5000
35,48,2000,"Des Moines, Iowa",141,public,NYSE
36,49,2015,"Nashville, Tennessee",84,public,S&P 500
37,50,2002,"Charleston, South Carolina",63,public,Russell 2000 Index
38,51,2011,"Allentown, Pennsylvania",130,public,NASDAQ
39,54,2004,"Cincinnati, Ohio",144,private,Wilshire 5000
40,55,2003,"Houston, Texas",141,public,Russell 2000 Index
41,56,2005,"Huntsville, Alabama",57,private,Russell 2000 Index
42,57,2010,"Eugene, Oregon",98,private,Wilshire 5000
43,58,2013,"Baton Rouge, Louisiana",93,private,DJIA
44,59,2003,"Pittsburgh, Pennsylvania",120,public,S&P 500
45,61,1998,"Miami, Florida",117,public,NYSE
46,62,1995,"Charleston, South Carolina",114,private,Wilshire 5000
47,63,1996,"Oklahoma City, Oklahoma",126,private,S&P 500
48,64,2003,"Wichita, Kansas",99,public,Russell 2000 Index
49,65,2004,"Baltimore, Maryland",58,private,S&P 500
50,70,2001,"Chicago, Illinois",134,public,Wilshire 5000
51,71,2010,"Indianapolis, Indiana",90,private,NASDAQ
52,72,2014,"Huntsville, Alabama",133,public,NYSE
53,73,2004,"Denver, Colorado",129,public,Wilshire 5000
54,74,2006,"Harrisburg, Pennsylvania",109,public,NASDAQ
55,77,2008,"Tacoma, Washington",66,public,NYSE
56,79,2007,"Toledo, Ohio",124,public,Russell 2000 Index
57,80,2012,"Phoenix, Arizona",146,public,DJIA
58,81,2010,"Fort Worth, Texas",142,public,DJIA
59,82,2002,"San Diego, California",125,public,NASDAQ
60,83,1996,"Albuquerque, New Mexico",86,public,Wilshire 5000
61,84,1995,"Fort Lauderdale, Florida",106,public,DJIA
62,85,2001,"Chicago, Illinois",141,public,DJIA
63,88,2009,"San Antonio, Texas",130,public,Wilshire 5000
64,89,1997,"Dayton, Ohio",96,private,Russell 2000 Index
65,93,1998,"Birmingham, Alabama",82,private,NASDAQ
66,94,2014,"Louisville, Kentucky",54,private,Russell 2000 Index
67,95,1996,"Spokane, Washington",140,private,NYSE
68,96,1996,"Albuquerque, New Mexico",114,private,NYSE
69,98,1996,"Los Angeles, California",126,public,S&P 500
70,99,1998,"Provo, Utah",96,public,DJIA
71,100,2013,"Greenville, South Carolina",134,public,S&P 500
72,101,2010,"Charleston, South Carolina",65,public,DJIA
73,105,2014,"Virginia Beach, Virginia",140,private,Russell 2000 Index
74,107,1999,"Raleigh, North Carolina",121,private,DJIA
75,108,1995,"Springfield, Missouri",58,public,S&P 500
76,113,1999,"Charlotte, North Carolina",109,private,Russell 2000 Index
77,114,2004,"Springfield, Massachusetts",145,public,DJIA
78,115,2014,"Detroit, Michigan",90,public,Wilshire 5000
79,117,2002,"Madison, Wisconsin",119,public,Wilshire 5000
80,119,2008,"Sacramento, California",71,public,NYSE
81,120,2006,"Provo, Utah",97,public,S&P 500
82,121,1996,"San Diego, California",89,public,NYSE
83,122,2003,"Philadelphia, Pennsylvania",146,private,NYSE
84,123,2009,"Springfield, Missouri",133,public,NYSE
85,124,1998,"Detroit, Michigan",112,private,NASDAQ
86,125,2009,"Eugene, Oregon",60,private,S&P 500
87,126,2000,"Anchorage, Alaska",80,public,Wilshire 5000
88,127,2002,"Los Angeles, California",93,private,S&P 500
89,128,1995,"Reno, Nevada",150,private,DJIA
90,129,2015,"Akron, Ohio",141,private,Russell 2000 Index
91,130,2001,"Toledo, Ohio",150,private,NYSE
92,131,2004,"Chicago, Illinois",123,private,Russell 2000 Index
93,132,2010,"Louisville, Kentucky",145,private,NASDAQ
94,133,2000,"St. Louis, Missouri",103,private,NASDAQ
95,134,2002,"Lansing, Michigan",96,public,DJIA
96,135,2000,"Kalamazoo, Michigan",95,private,NYSE
97,136,2007,"Fort Worth, Texas",85,public,Wilshire 5000
98,137,2009,"Springfield, Massachusetts",111,private,S&P 500
99,138,2002,"Syracuse, New York",94,public,S&P 500
100,140,1999,"Springfield, Massachusetts",54,private,Wilshire 5000
101,141,2006,"Huntsville, Alabama",114,public,S&P 500
102,142,2009,"Birmingham, Alabama",61,public,NASDAQ
103,143,2012,"Cincinnati, Ohio",69,public,Russell 2000 Index
104,144,1996,"Little Rock, Arkansas",147,public,NYSE
105,145,1995,"Lincoln, Nebraska",81,private,Russell 2000 Index
106,146,2004,"Amarillo, Texas",64,private,Russell 2000 Index
107,147,2003,"Chicago, Illinois",71,private,Russell 2000 Index
108,148,1996,"Little Rock, Arkansas",50,public,Russell 2000 Index
109,149,2001,"Greenville, South Carolina",104,private,Russell 2000 Index
110,150,1997,"Cape Coral, Florida",84,private,DJIA
111,151,2004,"Atlanta, Georgia",86,private,NYSE
112,152,1998,"Akron, Ohio",96,private,Wilshire 5000
113,153,1997,"Reno, Nevada",99,private,Wilshire 5000
114,155,1997,"Anchorage, Alaska",50,private,Wilshire 5000
115,156,2010,"Birmingham, Alabama",76,public,S&P 500
116,157,2008,"Tallahassee, Florida",82,public,Wilshire 5000
117,159,2008,"Portland, Oregon",68,private,Russell 2000 Index
118,160,2011,"Pittsburgh, Pennsylvania",100,public,DJIA
119,161,1997,"Philadelphia, Pennsylvania",57,private,NYSE
120,163,2011,"Austin, Texas",64,private,Wilshire 5000
121,164,2000,"San Diego, California",128,private,DJIA
122,166,2000,"Provo, Utah",133,public,Russell 2000 Index
123,167,1997,"Omaha, Nebraska",94,private,S&P 500
124,168,2013,"Boston, Massachusetts",73,public,NASDAQ
125,169,1997,"Kansas City, Missouri",90,private,NASDAQ
126,170,2011,"Savannah, Georgia",135,private,Russell 2000 Index
127,171,2006,"Louisville, Kentucky",64,private,Russell 2000 Index
128,174,2004,"Cape Coral, Florida",136,public,DJIA
129,175,2010,"Kalamazoo, Michigan",115,public,NYSE
130,176,2000,"Tulsa, Oklahoma",64,public,Russell 2000 Index
131,177,2009,"Milwaukee, Wisconsin",95,public,DJIA
132,178,2002,"Lexington, Kentucky",82,public,NYSE
133,179,2005,"Columbus, Ohio",50,public,NYSE
134,181,2012,"Portland, Oregon",73,public,Wilshire 5000
135,182,2008,"Indianapolis, Indiana",112,private,NYSE
136,186,2001,"Kansas City, Missouri",146,public,DJIA
137,187,2013,"Mobile, Alabama",116,public,DJIA
138,188,2004,"Dayton, Ohio",103,private,Wilshire 5000
139,189,2013,"Los Angeles, California",131,private,Russell 2000 Index
140,190,2000,"Birmingham, Alabama",51,private,NYSE
141,191,2008,"Toledo, Ohio",124,public,Wilshire 5000
142,192,2013,"Tallahassee, Florida",59,public,S&P 500
143,193,1995,"Boston, Massachusetts",146,public,Wilshire 5000
144,194,1996,"Salt Lake City, Utah",137,private,Russell 2000 Index
145,195,2011,"Savannah, Georgia",77,public,DJIA
146,196,2013,"Chattanooga, Tennessee",77,public,Russell 2000 Index
147,199,2014,"Lincoln, Nebraska",150,private,Wilshire 5000
148,201,2009,"Tempe, Arizona",75,private,Russell 2000 Index
149,202,2002,"Jacksonville, Florida",111,private,S&P 500
150,203,2002,"Reno, Nevada",146,public,Russell 2000 Index
151,205,2006,"Albuquerque, New Mexico",125,private,S&P 500
152,210,2005,"St. Louis, Missouri",97,private,Wilshire 5000
153,211,1999,"Los Angeles, California",53,public,NYSE
154,213,2012,"Minneapolis, Minnesota",118,private,Wilshire 5000
155,222,2010,"Chattanooga, Tennessee",57,public,DJIA
156,224,1997,"Amarillo, Texas",86,public,Wilshire 5000
157,226,2007,"Akron, Ohio",123,public,NASDAQ
158,227,2005,"Amarillo, Texas",98,private,S&P 500
159,230,2015,"Minneapolis, Minnesota",96,private,NYSE
160,242,1996,"Springfield, Missouri",137,public,NYSE
161,245,2013,"Ann Arbor, Michigan",129,private,Wilshire 5000
162,246,2006,"Kalamazoo, Michigan",92,private,Wilshire 5000
163,249,2013,"Virginia Beach, Virginia",121,private,NYSE
164,261,2003,"Baton Rouge, Louisiana",145,public,Wilshire 5000
165,262,2008,"Pittsburgh, Pennsylvania",143,public,Wilshire 5000
166,263,1995,"Tampa, Florida",100,private,Russell 2000 Index
167,266,2014,"Miami, Florida",123,public,DJIA
168,268,2012,"Rochester, New York",141,private,Russell 2000 Index
169,269,1996,"Chattanooga, Tennessee",92,public,NASDAQ
170,270,2014,"Memphis, Tennessee",130,public,NASDAQ
171,271,2013,"Austin, Texas",136,private,NASDAQ
172,279,2004,"Springfield, Missouri",133,public,NYSE
173,281,1999,"Lexington, Kentucky",128,public,Russell 2000 Index
174,288,1996,"Spokane, Washington",60,private,NYSE
175,290,2004,"El Paso, Texas",94,public,S&P 500
176,294,2002,"Charlotte, North Carolina",57,public,NYSE
177,299,1997,"Rochester, New York",111,private,Russell 2000 Index
178,300,2007,"Charlotte, North Carolina",99,public,DJIA
179,309,2006,"Columbia, South Carolina",76,private,NYSE
180,315,2013,"Atlanta, Georgia",100,public,Wilshire 5000
181,401,2015,"Springfield, Missouri",123,private,S&P 500
182,403,2001,"Columbia, Missouri",105,private,S&P 500
183,406,2007,"Phoenix, Arizona",136,public,Russell 2000 Index
184,407,1996,"Des Moines, Iowa",71,public,DJIA
185,414,2006,"Milwaukee, Wisconsin",131,public,DJIA
186,416,2001,"Hartford, Connecticut",80,private,Wilshire 5000
187,418,2011,"Toledo, Ohio",123,private,NASDAQ
188,419,2005,"Asheville, North Carolina",57,private,S&P 500
189,422,2005,"Greenville, South Carolina",123,private,NASDAQ
190,428,2005,"Reno, Nevada",113,private,Wilshire 5000
191,429,2008,"Provo, Utah",67,public,S&P 500
192,432,1997,"San Antonio, Texas",149,private,Wilshire 5000
193,434,2009,"Atlanta, Georgia",107,private,NASDAQ
194,443,2001,"Lansing, Michigan",63,public,indices
195,452,2011,"Hartford, Connecticut",115,private,NASDAQ
196,454,2014,"Fresno, California",76,private,DJIA
197,519,1996,"Spokane, Washington",78,private,NYSE
198,522,2008,"Lincoln, Nebraska",89,public,NYSE
199,529,2013,"Columbia, South Carolina",141,public,NASDAQ
200,531,2005,"Fort Lauderdale, Florida",111,public,S&P 500
201,534,2010,"Orlando, Florida",105,private,S&P 500
202,535,2009,"Dallas, Texas",122,private,S&P 500
203,537,2014,"Rochester, New York",144,public,NYSE
204,541,2001,"Los Angeles, California",59,private,S&P 500
